trace_name,start_time
AKOS_GH_HH_2012-10-09T12:04:00.000000Z,2012-10-09 12:04:00.000000
AKOS_GH_HH_2012-10-09T12:04:30.000000Z,2012-10-09 12:04:30.000000
AKOS_GH_HH_2012-10-09T12:05:00.000000Z,2012-10-09 12:05:00.000000
AKOS_GH_HH_2012-10-09T12:05:30.000000Z,2012-10-09 12:05:30.000000
AKOS_GH_HH_2012-10-09T12:06:00.000000Z,2012-10-09 12:06:00.000000
AKOS_GH_HH_2012-10-09T12:06:30.000000Z,2012-10-09 12:06:30.000000
AKOS_GH_HH_2012-10-09T12:07:00.000000Z,2012-10-09 12:07:00.000000
AKOS_GH_HH_2012-10-09T12:07:30.000000Z,2012-10-09 12:07:30.000000
AKOS_GH_HH_2012-10-09T12:08:00.000000Z,2012-10-09 12:08:00.000000
AKOS_GH_HH_2012-10-09T12:08:30.000000Z,2012-10-09 12:08:30.000000
AKOS_GH_HH_2012-10-09T12:09:00.000000Z,2012-10-09 12:09:00.000000
AKOS_GH_HH_2012-10-09T12:09:30.000000Z,2012-10-09 12:09:30.000000
AKOS_GH_HH_2012-10-09T12:10:00.000000Z,2012-10-09 12:10:00.000000
AKOS_GH_HH_2012-10-09T12:10:30.000000Z,2012-10-09 12:10:30.000000
AKOS_GH_HH_2012-10-09T12:11:00.000000Z,2012-10-09 12:11:00.000000
AKOS_GH_HH_2012-10-09T12:11:30.000000Z,2012-10-09 12:11:30.000000
AKOS_GH_HH_2012-10-09T12:12:00.000000Z,2012-10-09 12:12:00.000000
AKOS_GH_HH_2012-10-09T12:12:30.000000Z,2012-10-09 12:12:30.000000
AKOS_GH_HH_2012-10-09T12:13:00.000000Z,2012-10-09 12:13:00.000000
AKOS_GH_HH_2012-10-09T12:13:30.000000Z,2012-10-09 12:13:30.000000
AKOS_GH_HH_2012-10-09T12:14:00.000000Z,2012-10-09 12:14:00.000000
AKOS_GH_HH_2012-10-09T12:14:30.000000Z,2012-10-09 12:14:30.000000
AKOS_GH_HH_2012-10-09T12:15:00.000000Z,2012-10-09 12:15:00.000000
AKOS_GH_HH_2012-10-09T12:15:30.000000Z,2012-10-09 12:15:30.000000
AKOS_GH_HH_2012-10-09T12:16:00.000000Z,2012-10-09 12:16:00.000000
AKOS_GH_HH_2012-10-09T12:16:30.000000Z,2012-10-09 12:16:30.000000
AKOS_GH_HH_2012-10-09T12:17:00.000000Z,2012-10-09 12:17:00.000000
AKOS_GH_HH_2012-10-09T12:17:30.000000Z,2012-10-09 12:17:30.000000
AKOS_GH_HH_2012-10-09T12:18:00.000000Z,2012-10-09 12:18:00.000000
AKOS_GH_HH_2012-10-09T12:18:30.000000Z,2012-10-09 12:18:30.000000
AKOS_GH_HH_2012-10-09T12:19:00.000000Z,2012-10-09 12:19:00.000000
AKOS_GH_HH_2012-10-09T12:19:30.000000Z,2012-10-09 12:19:30.000000
AKOS_GH_HH_2012-10-09T12:20:00.000000Z,2012-10-09 12:20:00.000000
AKOS_GH_HH_2012-10-09T12:20:30.000000Z,2012-10-09 12:20:30.000000
AKOS_GH_HH_2012-10-09T12:21:00.000000Z,2012-10-09 12:21:00.000000
AKOS_GH_HH_2012-10-09T12:21:30.000000Z,2012-10-09 12:21:30.000000
AKOS_GH_HH_2012-10-09T12:22:00.000000Z,2012-10-09 12:22:00.000000
AKOS_GH_HH_2012-10-09T12:22:30.000000Z,2012-10-09 12:22:30.000000
AKOS_GH_HH_2012-10-09T12:23:00.000000Z,2012-10-09 12:23:00.000000
AKOS_GH_HH_2012-10-09T12:23:30.000000Z,2012-10-09 12:23:30.000000
AKOS_GH_HH_2012-10-09T12:24:00.000000Z,2012-10-09 12:24:00.000000
AKOS_GH_HH_2012-10-09T12:24:30.000000Z,2012-10-09 12:24:30.000000
AKOS_GH_HH_2012-10-09T12:25:00.000000Z,2012-10-09 12:25:00.000000
AKOS_GH_HH_2012-10-09T12:25:30.000000Z,2012-10-09 12:25:30.000000
AKOS_GH_HH_2012-10-09T12:26:00.000000Z,2012-10-09 12:26:00.000000
AKOS_GH_HH_2012-10-09T12:26:30.000000Z,2012-10-09 12:26:30.000000
AKOS_GH_HH_2012-10-09T12:27:00.000000Z,2012-10-09 12:27:00.000000
AKOS_GH_HH_2012-10-09T12:27:30.000000Z,2012-10-09 12:27:30.000000
AKOS_GH_HH_2012-10-09T12:28:00.000000Z,2012-10-09 12:28:00.000000
AKOS_GH_HH_2012-10-09T12:28:30.000000Z,2012-10-09 12:28:30.000000
AKOS_GH_HH_2012-10-09T12:29:00.000000Z,2012-10-09 12:29:00.000000
AKOS_GH_HH_2012-10-09T12:29:30.000000Z,2012-10-09 12:29:30.000000
AKOS_GH_HH_2012-10-09T12:30:00.000000Z,2012-10-09 12:30:00.000000
AKOS_GH_HH_2012-10-09T12:30:30.000000Z,2012-10-09 12:30:30.000000
AKOS_GH_HH_2012-10-09T12:31:00.000000Z,2012-10-09 12:31:00.000000
AKOS_GH_HH_2012-10-09T12:31:30.000000Z,2012-10-09 12:31:30.000000
AKOS_GH_HH_2012-10-09T12:32:00.000000Z,2012-10-09 12:32:00.000000
AKOS_GH_HH_2012-10-09T12:32:30.000000Z,2012-10-09 12:32:30.000000
AKOS_GH_HH_2012-10-09T12:33:00.000000Z,2012-10-09 12:33:00.000000
AKOS_GH_HH_2012-10-09T12:33:30.000000Z,2012-10-09 12:33:30.000000
AKOS_GH_HH_2012-10-09T12:34:00.000000Z,2012-10-09 12:34:00.000000
AKOS_GH_HH_2012-10-09T12:34:30.000000Z,2012-10-09 12:34:30.000000
AKOS_GH_HH_2012-10-09T12:35:00.000000Z,2012-10-09 12:35:00.000000
AKOS_GH_HH_2012-10-09T12:35:30.000000Z,2012-10-09 12:35:30.000000
AKOS_GH_HH_2012-10-09T12:36:00.000000Z,2012-10-09 12:36:00.000000
AKOS_GH_HH_2012-10-09T12:36:30.000000Z,2012-10-09 12:36:30.000000
AKOS_GH_HH_2012-10-09T12:37:00.000000Z,2012-10-09 12:37:00.000000
AKOS_GH_HH_2012-10-09T12:37:30.000000Z,2012-10-09 12:37:30.000000
AKOS_GH_HH_2012-10-09T12:38:00.000000Z,2012-10-09 12:38:00.000000
AKOS_GH_HH_2012-10-09T12:38:30.000000Z,2012-10-09 12:38:30.000000
AKOS_GH_HH_2012-10-09T12:39:00.000000Z,2012-10-09 12:39:00.000000
AKOS_GH_HH_2012-10-09T12:39:30.000000Z,2012-10-09 12:39:30.000000
AKOS_GH_HH_2012-10-09T12:40:00.000000Z,2012-10-09 12:40:00.000000
AKOS_GH_HH_2012-10-09T12:40:30.000000Z,2012-10-09 12:40:30.000000
AKOS_GH_HH_2012-10-09T12:41:00.000000Z,2012-10-09 12:41:00.000000
AKOS_GH_HH_2012-10-09T12:41:30.000000Z,2012-10-09 12:41:30.000000
AKOS_GH_HH_2012-10-09T12:42:00.000000Z,2012-10-09 12:42:00.000000
AKOS_GH_HH_2012-10-09T12:42:30.000000Z,2012-10-09 12:42:30.000000
AKOS_GH_HH_2012-10-09T12:43:00.000000Z,2012-10-09 12:43:00.000000
AKOS_GH_HH_2012-10-09T12:43:30.000000Z,2012-10-09 12:43:30.000000
AKOS_GH_HH_2012-10-09T12:44:00.000000Z,2012-10-09 12:44:00.000000
AKOS_GH_HH_2012-10-09T12:44:30.000000Z,2012-10-09 12:44:30.000000
AKOS_GH_HH_2012-10-09T12:45:00.000000Z,2012-10-09 12:45:00.000000
AKOS_GH_HH_2012-10-09T12:45:30.000000Z,2012-10-09 12:45:30.000000
AKOS_GH_HH_2012-10-09T12:46:00.000000Z,2012-10-09 12:46:00.000000
AKOS_GH_HH_2012-10-09T12:46:30.000000Z,2012-10-09 12:46:30.000000
AKOS_GH_HH_2012-10-09T12:47:00.000000Z,2012-10-09 12:47:00.000000
AKOS_GH_HH_2012-10-09T12:47:30.000000Z,2012-10-09 12:47:30.000000
AKOS_GH_HH_2012-10-09T12:48:00.000000Z,2012-10-09 12:48:00.000000
AKOS_GH_HH_2012-10-09T12:48:30.000000Z,2012-10-09 12:48:30.000000
AKOS_GH_HH_2012-10-09T12:49:00.000000Z,2012-10-09 12:49:00.000000
AKOS_GH_HH_2012-10-09T12:49:30.000000Z,2012-10-09 12:49:30.000000
AKOS_GH_HH_2012-10-09T12:50:00.000000Z,2012-10-09 12:50:00.000000
AKOS_GH_HH_2012-10-09T12:50:30.000000Z,2012-10-09 12:50:30.000000
AKOS_GH_HH_2012-10-09T12:51:00.000000Z,2012-10-09 12:51:00.000000
AKOS_GH_HH_2012-10-09T12:51:30.000000Z,2012-10-09 12:51:30.000000
AKOS_GH_HH_2012-10-09T12:52:00.000000Z,2012-10-09 12:52:00.000000
AKOS_GH_HH_2012-10-09T12:52:30.000000Z,2012-10-09 12:52:30.000000
AKOS_GH_HH_2012-10-09T12:53:00.000000Z,2012-10-09 12:53:00.000000
AKOS_GH_HH_2012-10-09T12:53:30.000000Z,2012-10-09 12:53:30.000000
AKOS_GH_HH_2012-10-09T12:54:00.000000Z,2012-10-09 12:54:00.000000
AKOS_GH_HH_2012-10-09T12:54:30.000000Z,2012-10-09 12:54:30.000000
AKOS_GH_HH_2012-10-09T12:55:00.000000Z,2012-10-09 12:55:00.000000
AKOS_GH_HH_2012-10-09T12:55:30.000000Z,2012-10-09 12:55:30.000000
AKOS_GH_HH_2012-10-09T12:56:00.000000Z,2012-10-09 12:56:00.000000
AKOS_GH_HH_2012-10-09T12:56:30.000000Z,2012-10-09 12:56:30.000000
AKOS_GH_HH_2012-10-09T12:57:00.000000Z,2012-10-09 12:57:00.000000
AKOS_GH_HH_2012-10-09T12:57:30.000000Z,2012-10-09 12:57:30.000000
AKOS_GH_HH_2012-10-09T12:58:00.000000Z,2012-10-09 12:58:00.000000
AKOS_GH_HH_2012-10-09T12:58:30.000000Z,2012-10-09 12:58:30.000000
AKOS_GH_HH_2012-10-09T12:59:00.000000Z,2012-10-09 12:59:00.000000
AKOS_GH_HH_2012-10-09T12:59:30.000000Z,2012-10-09 12:59:30.000000
AKOS_GH_HH_2012-10-09T13:00:00.000000Z,2012-10-09 13:00:00.000000
AKOS_GH_HH_2012-10-09T13:00:30.000000Z,2012-10-09 13:00:30.000000
AKOS_GH_HH_2012-10-09T13:01:00.000000Z,2012-10-09 13:01:00.000000
AKOS_GH_HH_2012-10-09T13:01:30.000000Z,2012-10-09 13:01:30.000000
AKOS_GH_HH_2012-10-09T13:02:00.000000Z,2012-10-09 13:02:00.000000
AKOS_GH_HH_2012-10-09T13:02:30.000000Z,2012-10-09 13:02:30.000000
AKOS_GH_HH_2012-10-09T13:03:00.000000Z,2012-10-09 13:03:00.000000
